{"count":1,"self":1003.5105791999999,"total":1072.7328415,"children":{"InitializeActuators":{"count":5,"self":0.0015003999999999998,"total":0.0015003999999999998,"children":null},"InitializeSensors":{"count":5,"self":0.0035139999999999998,"total":0.0035139999999999998,"children":null},"AgentSendState":{"count":25813,"self":0.4110474,"total":67.869020499999991,"children":{"CollectObservations":{"count":12910,"self":1.6407682,"total":1.6407682,"children":null},"WriteActionMask":{"count":12910,"self":0.022512499999999998,"total":0.022512499999999998,"children":null},"RequestDecision":{"count":12910,"self":65.7946944,"total":65.7946924,"children":null}}},"DecideAction":{"count":25813,"self":0.4379497,"total":0.4379497,"children":null},"AgentAct":{"count":25813,"self":0.91026049999999992,"total":0.91026049999999992,"children":null}},"gauges":{"My Behavior.CumulativeReward":{"count":78,"max":0,"min":-4,"runningAverage":-2.15384626,"value":-2,"weightedAverage":-2.40282869}},"metadata":{"timer_format_version":"0.1.0","start_time_seconds":"1701031349","unity_version":"2022.3.9f1","command_line_arguments":"C:\\Program Files\\Unity\\Hub\\Editor\\2022.3.9f1-x86_64\\Editor\\Unity.exe -projectpath C:\\Users\\ulyss\\OneDrive\\Documents\\GitHub\\Unity_AI_Fractals -useHub -hubIPC -cloudEnvironment production -licensingIpc LicenseClient-f4CMNbkufLjRR85kLtqRI -hubSessionId dc92715d-b2b4-41c2-8fa0-9892775900a0","communication_protocol_version":"1.5.0","com.unity.ml-agents_version":"2.0.1","scene_name":"Characters","end_time_seconds":"1701032422"}}