{"count":1,"self":113.67743999999999,"total":432.19061969999996,"children":{"InitializeActuators":{"count":72,"self":0.0015011,"total":0.0015011,"children":null},"InitializeSensors":{"count":72,"self":0.0020177,"total":0.0020177,"children":null},"AgentInfo.ToProto":{"count":343,"self":0.0050406999999999995,"total":0.130212,"children":{"GenerateSensorData":{"count":343,"self":0.12517129999999999,"total":0.12517129999999999,"children":null}}},"AgentSendState":{"count":265601,"self":0.91623539999999992,"total":36.3291952,"children":{"CollectObservations":{"count":138501,"self":3.4779372,"total":3.4779373,"children":null},"WriteActionMask":{"count":138501,"self":0.1164026,"total":0.1164026,"children":null},"RequestDecision":{"count":138501,"self":0.5045389,"total":31.818619899999998,"children":{"AgentInfo.ToProto":{"count":138501,"self":0.591789,"total":31.314080999999998,"children":{"GenerateSensorData":{"count":138501,"self":30.722291199999997,"total":30.722292,"children":null}}}}}}},"DecideAction":{"count":265601,"self":279.9185152,"total":279.9185212,"children":null},"AgentAct":{"count":265601,"self":2.1247062,"total":2.1307362999999997,"children":{"AgentInfo.ToProto":{"count":18,"self":0,"total":0.0060301,"children":{"GenerateSensorData":{"count":18,"self":0.0060301,"total":0.0060301,"children":null}}}}}},"gauges":{"plop.CumulativeReward":{"count":302,"max":219.754791,"min":-50.74951,"runningAverage":34.2432671,"value":6.75000763,"weightedAverage":28.1585312}},"metadata":{"timer_format_version":"0.1.0","start_time_seconds":"1706818006","unity_version":"2022.3.9f1","command_line_arguments":"C:\\Program Files\\Unity\\Hub\\Editor\\2022.3.9f1-x86_64\\Editor\\Unity.exe -projectpath C:\\Users\\ulyss\\OneDrive\\Documents\\GitHub\\Unity_AI_Fractals -useHub -hubIPC -cloudEnvironment production -licensingIpc LicenseClient-ulyss -hubSessionId 1338a722-c135-4241-b1ed-4991d4232dab","communication_protocol_version":"1.5.0","com.unity.ml-agents_version":"2.0.1","scene_name":"StartScene","end_time_seconds":"1706818438"}}