{"count":1,"self":5560.1381376,"total":12911.417597,"children":{"InitializeActuators":{"count":1,"self":0.0020001999999999997,"total":0.0020001999999999997,"children":null},"InitializeSensors":{"count":1,"self":0.0029942999999999997,"total":0.0029942999999999997,"children":null},"AgentSendState":{"count":3017201,"self":10.0781224,"total":262.84447639999996,"children":{"CollectObservations":{"count":301721,"self":25.46624,"total":25.4662397,"children":null},"WriteActionMask":{"count":301721,"self":0.4505789,"total":0.4505789,"children":null},"RequestDecision":{"count":301721,"self":2.0437688,"total":226.8495352,"children":{"AgentInfo.ToProto":{"count":301721,"self":2.7914811999999998,"total":224.80576639999998,"children":{"GenerateSensorData":{"count":301721,"self":222.01428479999998,"total":222.0142851,"children":null}}}}}}},"DecideAction":{"count":3017201,"self":7067.8437888,"total":7067.8439487999995,"children":null},"AgentAct":{"count":3017201,"self":19.9083296,"total":19.9083301,"children":null},"AgentInfo.ToProto":{"count":1455,"self":0.014693699999999999,"total":0.6766918,"children":{"GenerateSensorData":{"count":1455,"self":0.66199809999999992,"total":0.66199809999999992,"children":null}}}},"gauges":{"My Behavior.CumulativeReward":{"count":1455,"max":102,"min":-2,"runningAverage":1.7608248,"value":-2,"weightedAverage":1.30181813}},"metadata":{"timer_format_version":"0.1.0","start_time_seconds":"1700479285","unity_version":"2022.3.9f1","command_line_arguments":"C:\\Program Files\\Unity\\Hub\\Editor\\2022.3.9f1-x86_64\\Editor\\Unity.exe -projectpath C:\\Users\\ulyss\\OneDrive\\Documents\\GitHub\\Unity_AI_Fractals -useHub -hubIPC -cloudEnvironment production -licensingIpc LicenseClient-ulyss -hubSessionId 48e54072-2d41-44df-a101-b6357a896eca","communication_protocol_version":"1.5.0","com.unity.ml-agents_version":"2.0.1","scene_name":"Ulysse scene","end_time_seconds":"1700492196"}}